Filename,Size,Unit
/photo-ffadult-r40-s3-159250.jpg,151.43,K
/534232.jpg,121.27,K
/photo-ffadult-r40-344-15925.jpg,120.13,K
/851124.jpg,119.4,K
/fgett.jpg,117.26,K
/56333.jpg,116.43,K
/57222.jpg,112.55,K
/4565462.jpg,92.72,K
/35312121.jpg,90.11,K
/7123079.86012.jpg,88.44,K
/565222.jpg,88.2,K
/5657.jpg,85.65,K
/46343222.jpg,78.81,K
/6949438.18842.jpg,66.53,K
/6788338.53126.jpg,65.88,K
/6788340.96195.jpg,64.6,K
/6949441.77996.jpg,62.72,K
/6788281.42987.jpg,54.94,K
/83432.jpg,52.38,K
/43246.jpg,50.46,K
/7123075.81368.jpg,47.73,K
/7123076.70199.jpg,47.6,K
/4532.jpg,47.21,K
/753446.jpg,38.42,K
/6788287.92712.jpg,37.89,K
/ghghgh.jpg,36.28,K
/6994762.24557.jpg,31.5,K
/67322.jpg,22.49,K
