Filename,Size,Unit
WoW-3.3.0.10958-4.0.0.12911-EU-Stage-2,2.71,G
WoW-3.3.0.10958-4.0.0.12911-EU-Stage-1,1.74,G
WoW-3.3.0.10958-4.0.0.12911-EU-Stage-3,755.06,M
